{"cameraMode":{"drawMode":0,"name":"Shaded","section":"Shading Mode"},"sceneLighting":true,"audioPlay":false,"sceneViewState":{"showFog":true,"showMaterialUpdate":false,"showSkybox":true,"showFlares":true,"showImageEffects":true,"showParticleSystems":true},"in2DMode":false,"pivot":{"x":36.825408935546878,"y":1.3087292909622193,"z":23.51231575012207},"rotation":{"x":-0.009032224304974079,"y":-0.9886335730552673,"z":0.13518691062927247,"w":-0.06594280153512955},"size":6.131227970123291,"orthographic":true}